[
  {
    "cep": "13911-000",
    "logradouro": "Rua Egas Bueno",
    "complemento": "até 99999 - lado ímpar",
    "unidade": "",
    "bairro": "Pedro Pina",
    "localidade": "Jaguariúna",
    "uf": "SP",
    "estado": "São Paulo",
    "regiao": "Sudeste",
    "ibge": "3524709",
    "gia": "3955",
    "ddd": "19",
    "siafi": "6595"
  },
  {
    "cep": "13910-001",
    "logradouro": "Rua Egas Bueno",
    "complemento": "até 99998 - lado par",
    "unidade": "",
    "bairro": "Centro",
    "localidade": "Jaguariúna",
    "uf": "SP",
    "estado": "São Paulo",
    "regiao": "Sudeste",
    "ibge": "3524709",
    "gia": "3955",
    "ddd": "19",
    "siafi": "6595"
  },
  {
    "cep": "13910-959",
    "logradouro": "Rua Julia Bueno",
    "complemento": "348 Sala 2",
    "unidade": "AC Jaguariúna",
    "bairro": "Centro",
    "localidade": "Jaguariúna",
    "uf": "SP",
    "estado": "São Paulo",
    "regiao": "Sudeste",
    "ibge": "3524709",
    "gia": "3955",
    "ddd": "19",
    "siafi": "6595"
  },
  {
    "cep": "13910-972",
    "logradouro": "Rua Julia Bueno",
    "complemento": "348 Sala 2",
    "unidade": "AC Jaguariúna",
    "bairro": "Centro",
    "localidade": "Jaguariúna",
    "uf": "SP",
    "estado": "São Paulo",
    "regiao": "Sudeste",
    "ibge": "3524709",
    "gia": "3955",
    "ddd": "19",
    "siafi": "6595"
  },
  {
    "cep": "13910-007",
    "logradouro": "Rua Julia Bueno",
    "complemento": "",
    "unidade": "",
    "bairro": "Centro",
    "localidade": "Jaguariúna",
    "uf": "SP",
    "estado": "São Paulo",
    "regiao": "Sudeste",
    "ibge": "3524709",
    "gia": "3955",
    "ddd": "19",
    "siafi": "6595"
  },
  {
    "cep": "13911-410",
    "logradouro": "Rua Joaquim Bueno",
    "complemento": "de 1559/1560 ao fim",
    "unidade": "",
    "bairro": "Jardim Bela Vista",
    "localidade": "Jaguariúna",
    "uf": "SP",
    "estado": "São Paulo",
    "regiao": "Sudeste",
    "ibge": "3524709",
    "gia": "3955",
    "ddd": "19",
    "siafi": "6595"
  },
  {
    "cep": "13910-005",
    "logradouro": "Rua Sílvia Bueno",
    "complemento": "até 698/699",
    "unidade": "",
    "bairro": "Centro",
    "localidade": "Jaguariúna",
    "uf": "SP",
    "estado": "São Paulo",
    "regiao": "Sudeste",
    "ibge": "3524709",
    "gia": "3955",
    "ddd": "19",
    "siafi": "6595"
  },
  {
    "cep": "13911-086",
    "logradouro": "Rua Joaquim Bueno",
    "complemento": "de 599 a 785 - lado ímpar",
    "unidade": "",
    "bairro": "Frazatto",
    "localidade": "Jaguariúna",
    "uf": "SP",
    "estado": "São Paulo",
    "regiao": "Sudeste",
    "ibge": "3524709",
    "gia": "3955",
    "ddd": "19",
    "siafi": "6595"
  },
  {
    "cep": "13911-112",
    "logradouro": "Rua Sílvia Bueno",
    "complemento": "de 700/701 ao fim",
    "unidade": "",
    "bairro": "Jardim Haruji",
    "localidade": "Jaguariúna",
    "uf": "SP",
    "estado": "São Paulo",
    "regiao": "Sudeste",
    "ibge": "3524709",
    "gia": "3955",
    "ddd": "19",
    "siafi": "6595"
  },
  {
    "cep": "13919-070",
    "logradouro": "Rua Joaquim Bueno",
    "complemento": "até 597 - lado ímpar",
    "unidade": "",
    "bairro": "Santa Cruz",
    "localidade": "Jaguariúna",
    "uf": "SP",
    "estado": "São Paulo",
    "regiao": "Sudeste",
    "ibge": "3524709",
    "gia": "3955",
    "ddd": "19",
    "siafi": "6595"
  },
  {
    "cep": "13911-128",
    "logradouro": "Rua Joaquim Bueno",
    "complemento": "de 955 a 1019 - lado ímpar",
    "unidade": "",
    "bairro": "Jardim Haruji",
    "localidade": "Jaguariúna",
    "uf": "SP",
    "estado": "São Paulo",
    "regiao": "Sudeste",
    "ibge": "3524709",
    "gia": "3955",
    "ddd": "19",
    "siafi": "6595"
  },
  {
    "cep": "13919-112",
    "logradouro": "Rua Joaquim Bueno",
    "complemento": "de 300 a 598 - lado par",
    "unidade": "",
    "bairro": "Jardim Berlim",
    "localidade": "Jaguariúna",
    "uf": "SP",
    "estado": "São Paulo",
    "regiao": "Sudeste",
    "ibge": "3524709",
    "gia": "3955",
    "ddd": "19",
    "siafi": "6595"
  },
  {
    "cep": "13910-013",
    "logradouro": "Rua Joaquim Bueno",
    "complemento": "de 1021 a 1127 - lado ímpar",
    "unidade": "",
    "bairro": "Centro",
    "localidade": "Jaguariúna",
    "uf": "SP",
    "estado": "São Paulo",
    "regiao": "Sudeste",
    "ibge": "3524709",
    "gia": "3955",
    "ddd": "19",
    "siafi": "6595"
  },
  {
    "cep": "13919-152",
    "logradouro": "Rua Alfredo Bueno",
    "complemento": "de 700 a 814 - lado par",
    "unidade": "",
    "bairro": "Joaquim Alface",
    "localidade": "Jaguariúna",
    "uf": "SP",
    "estado": "São Paulo",
    "regiao": "Sudeste",
    "ibge": "3524709",
    "gia": "3955",
    "ddd": "19",
    "siafi": "6595"
  },
  {
    "cep": "13910-011",
    "logradouro": "Rua Joaquim Bueno",
    "complemento": "de 802 a 1146 - lado par",
    "unidade": "",
    "bairro": "Centro",
    "localidade": "Jaguariúna",
    "uf": "SP",
    "estado": "São Paulo",
    "regiao": "Sudeste",
    "ibge": "3524709",
    "gia": "3955",
    "ddd": "19",
    "siafi": "6595"
  },
  {
    "cep": "13911-400",
    "logradouro": "Rua Joaquim Bueno",
    "complemento": "até 1557/1558",
    "unidade": "",
    "bairro": "Jardim São João",
    "localidade": "Jaguariúna",
    "uf": "SP",
    "estado": "São Paulo",
    "regiao": "Sudeste",
    "ibge": "3524709",
    "gia": "3955",
    "ddd": "19",
    "siafi": "6595"
  },
  {
    "cep": "13911-270",
    "logradouro": "Rua Joaquim Bueno",
    "complemento": "de 1148 a 1384 - lado par",
    "unidade": "",
    "bairro": "Santa Maria",
    "localidade": "Jaguariúna",
    "uf": "SP",
    "estado": "São Paulo",
    "regiao": "Sudeste",
    "ibge": "3524709",
    "gia": "3955",
    "ddd": "19",
    "siafi": "6595"
  },
  {
    "cep": "13919-140",
    "logradouro": "Rua Alfredo Bueno",
    "complemento": "até 698 - lado par",
    "unidade": "",
    "bairro": "Jardim Berlim",
    "localidade": "Jaguariúna",
    "uf": "SP",
    "estado": "São Paulo",
    "regiao": "Sudeste",
    "ibge": "3524709",
    "gia": "3955",
    "ddd": "19",
    "siafi": "6595"
  },
  {
    "cep": "13911-268",
    "logradouro": "Rua Joaquim Bueno",
    "complemento": "de 1129 a 1383 - lado ímpar",
    "unidade": "",
    "bairro": "Santa Maria",
    "localidade": "Jaguariúna",
    "uf": "SP",
    "estado": "São Paulo",
    "regiao": "Sudeste",
    "ibge": "3524709",
    "gia": "3955",
    "ddd": "19",
    "siafi": "6595"
  },
  {
    "cep": "13919-142",
    "logradouro": "Rua Alfredo Bueno",
    "complemento": "até 815 - lado ímpar",
    "unidade": "",
    "bairro": "Jardim Berlim",
    "localidade": "Jaguariúna",
    "uf": "SP",
    "estado": "São Paulo",
    "regiao": "Sudeste",
    "ibge": "3524709",
    "gia": "3955",
    "ddd": "19",
    "siafi": "6595"
  },
  {
    "cep": "13911-008",
    "logradouro": "Rua Joaquim Bueno",
    "complemento": "de 600 a 800 - lado par",
    "unidade": "",
    "bairro": "Pedro Pina",
    "localidade": "Jaguariúna",
    "uf": "SP",
    "estado": "São Paulo",
    "regiao": "Sudeste",
    "ibge": "3524709",
    "gia": "3955",
    "ddd": "19",
    "siafi": "6595"
  },
  {
    "cep": "13919-080",
    "logradouro": "Rua Joaquim Bueno",
    "complemento": "até 298 - lado par",
    "unidade": "",
    "bairro": "Chácara São João",
    "localidade": "Jaguariúna",
    "uf": "SP",
    "estado": "São Paulo",
    "regiao": "Sudeste",
    "ibge": "3524709",
    "gia": "3955",
    "ddd": "19",
    "siafi": "6595"
  },
  {
    "cep": "13910-027",
    "logradouro": "Rua Alfredo Bueno",
    "complemento": "de 816/817 ao fim",
    "unidade": "",
    "bairro": "Centro",
    "localidade": "Jaguariúna",
    "uf": "SP",
    "estado": "São Paulo",
    "regiao": "Sudeste",
    "ibge": "3524709",
    "gia": "3955",
    "ddd": "19",
    "siafi": "6595"
  },
  {
    "cep": "13911-090",
    "logradouro": "Rua Joaquim Bueno",
    "complemento": "de 787 a 953 - lado ímpar",
    "unidade": "",
    "bairro": "Jardim Dom Bosco",
    "localidade": "Jaguariúna",
    "uf": "SP",
    "estado": "São Paulo",
    "regiao": "Sudeste",
    "ibge": "3524709",
    "gia": "3955",
    "ddd": "19",
    "siafi": "6595"
  },
  {
    "cep": "13919-158",
    "logradouro": "Rua Cândido Bueno",
    "complemento": "de 501 a 699 - lado ímpar",
    "unidade": "",
    "bairro": "Joaquim Alface",
    "localidade": "Jaguariúna",
    "uf": "SP",
    "estado": "São Paulo",
    "regiao": "Sudeste",
    "ibge": "3524709",
    "gia": "3955",
    "ddd": "19",
    "siafi": "6595"
  },
  {
    "cep": "13919-144",
    "logradouro": "Rua Cândido Bueno",
    "complemento": "até 499 - lado ímpar",
    "unidade": "",
    "bairro": "Jardim Berlim",
    "localidade": "Jaguariúna",
    "uf": "SP",
    "estado": "São Paulo",
    "regiao": "Sudeste",
    "ibge": "3524709",
    "gia": "3955",
    "ddd": "19",
    "siafi": "6595"
  },
  {
    "cep": "13919-146",
    "logradouro": "Rua Cândido Bueno",
    "complemento": "até 698 - lado par",
    "unidade": "",
    "bairro": "Jardim Berlim",
    "localidade": "Jaguariúna",
    "uf": "SP",
    "estado": "São Paulo",
    "regiao": "Sudeste",
    "ibge": "3524709",
    "gia": "3955",
    "ddd": "19",
    "siafi": "6595"
  },
  {
    "cep": "13910-033",
    "logradouro": "Rua Cândido Bueno",
    "complemento": "de 700/701 ao fim",
    "unidade": "",
    "bairro": "Centro",
    "localidade": "Jaguariúna",
    "uf": "SP",
    "estado": "São Paulo",
    "regiao": "Sudeste",
    "ibge": "3524709",
    "gia": "3955",
    "ddd": "19",
    "siafi": "6595"
  },
  {
    "cep": "13910-029",
    "logradouro": "Praça Dona Umbelina Bueno",
    "complemento": "",
    "unidade": "",
    "bairro": "Centro",
    "localidade": "Jaguariúna",
    "uf": "SP",
    "estado": "São Paulo",
    "regiao": "Sudeste",
    "ibge": "3524709",
    "gia": "3955",
    "ddd": "19",
    "siafi": "6595"
  },
  {
    "cep": "13911-188",
    "logradouro": "Rua Coronel Amâncio Bueno",
    "complemento": "de 991/992 ao fim",
    "unidade": "",
    "bairro": "Jardim Sônia",
    "localidade": "Jaguariúna",
    "uf": "SP",
    "estado": "São Paulo",
    "regiao": "Sudeste",
    "ibge": "3524709",
    "gia": "3955",
    "ddd": "19",
    "siafi": "6595"
  },
  {
    "cep": "13910-009",
    "logradouro": "Rua Coronel Amâncio Bueno",
    "complemento": "até 778/779",
    "unidade": "",
    "bairro": "Centro",
    "localidade": "Jaguariúna",
    "uf": "SP",
    "estado": "São Paulo",
    "regiao": "Sudeste",
    "ibge": "3524709",
    "gia": "3955",
    "ddd": "19",
    "siafi": "6595"
  },
  {
    "cep": "13911-262",
    "logradouro": "Rua Coronel Amâncio Bueno",
    "complemento": "de 780/781 a 989/990",
    "unidade": "",
    "bairro": "Santa Maria",
    "localidade": "Jaguariúna",
    "uf": "SP",
    "estado": "São Paulo",
    "regiao": "Sudeste",
    "ibge": "3524709",
    "gia": "3955",
    "ddd": "19",
    "siafi": "6595"
  },
  {
    "cep": "13914-508",
    "logradouro": "Rua Atílio Rodrigues Bueno",
    "complemento": "",
    "unidade": "",
    "bairro": "Jardim Boa Viista II",
    "localidade": "Jaguariúna",
    "uf": "SP",
    "estado": "São Paulo",
    "regiao": "Sudeste",
    "ibge": "3524709",
    "gia": "3955",
    "ddd": "19",
    "siafi": "6595"
  },
  {
    "cep": "13917-120",
    "logradouro": "Rua Doutor João Roberto Pires Bueno",
    "complemento": "",
    "unidade": "",
    "bairro": "Jardim Cruzeiro do Sul",
    "localidade": "Jaguariúna",
    "uf": "SP",
    "estado": "São Paulo",
    "regiao": "Sudeste",
    "ibge": "3524709",
    "gia": "3955",
    "ddd": "19",
    "siafi": "6595"
  }
]